masters_year,full_name,total_score,made_cut,top_10,champion
2005,Tiger Woods,276,1,1,1
2005,Chris DiMarco,276,1,1,0
2005,Luke Donald,283,1,1,0
2005,Retief Goosen,283,1,1,0
2005,Mark Hensby,284,1,1,0
2005,Mike Weir,284,1,1,0
2005,Rod Pampling,284,1,1,0
2005,Trevor Immelman,284,1,1,0
2005,Vijay Singh,284,1,1,0
2005,Phil Mickelson,285,1,1,0
2005,David Howell,286,1,0,0
2005,Tim Herron,286,1,0,0
2005,Justin Leonard,287,1,0,0
2005,Ryan Moore,287,1,0,0
2005,Thomas Levet,287,1,0,0
2005,Tom Lehman,287,1,0,0
2005,Chad Campbell,288,1,0,0
2005,Darren Clarke,288,1,0,0
2005,Kirk Triplett,288,1,0,0
2005,Bernhard Langer,289,1,0,0
2005,Jeff Maggert,289,1,0,0
2005,Jerry Kelly,289,1,0,0
2005,Scott Verplank,289,1,0,0
2005,Stewart Cink,289,1,0,0
2005,Craig Parry,290,1,0,0
2005,Joe Ogilvie,290,1,0,0
2005,Thomas Bjørn,290,1,0,0
2005,Jim Furyk,291,1,0,0
2005,Kenny Perry,292,1,0,0
2005,Steve Flesch,292,1,0,0
2005,Mark O'Meara,293,1,0,0
2005,Miguel Angel Jiménez,293,1,0,0
2005,Adam Scott,294,1,0,0
2005,Casey Wittenberg,294,1,0,0
2005,Ian Poulter,294,1,0,0
2005,K.J. Choi,294,1,0,0
2005,Luke List,294,1,0,0
2005,Shingo Katayama,294,1,0,0
2005,Fred Couples,295,1,0,0
2005,Ryan Palmer,295,1,0,0
2005,Tim Clark,295,1,0,0
2005,Todd Hamilton,295,1,0,0
2005,Jonathan Kaye,296,1,0,0
2005,Stuart Appleby,296,1,0,0
2005,Nick O'Hern,297,1,0,0
2005,Stephen Ames,297,1,0,0
2005,Ernie Els,298,1,0,0
2005,Jay Haas,301,1,0,0
2005,Chris Riley,304,1,0,0
2005,Craig Stadler,306,1,0,0
2005,Ángel Cabrera,315,0,0,0
2005,Austin Eaton III,315,0,0,0
2005,Ben Crenshaw,315,0,0,0
2005,Ben Curtis,315,0,0,0
2005,Billy Casper,315,0,0,0
2005,Bo Van Pelt,315,0,0,0
2005,Carlos Franco,315,0,0,0
2005,Charles Coody,315,0,0,0
2005,Charles Howell III,315,0,0,0
2005,David Duval,315,0,0,0
2005,David Toms,315,0,0,0
2005,Davis Love III,315,0,0,0
2005,Fred Funk,315,0,0,0
2005,Freddie Jacobson,315,0,0,0
2005,Fuzzy Zoeller,315,0,0,0
2005,Gary Player,315,0,0,0
2005,Graeme McDowell,315,0,0,0
2005,Ian Woosnam,315,0,0,0
2005,Jack Nicklaus,315,0,0,0
2005,Jesper Parnevik,315,0,0,0
2005,Joakim Haeggman,315,0,0,0
2005,John Daly,315,0,0,0
2005,José María Olazábal,315,0,0,0
2005,Larry Mize,315,0,0,0
2005,Lee Westwood,315,0,0,0
2005,Nick Price,315,0,0,0
2005,Padraig Harrington,315,0,0,0
2005,Paul Casey,315,0,0,0
2005,Peter Lonard,315,0,0,0
2005,Raymond Floyd,315,0,0,0
2005,Rich Beem,315,0,0,0
2005,Robert Allenby,315,0,0,0
2005,Rory Sabbatini,315,0,0,0
2005,Sandy Lyle,315,0,0,0
2005,Sergio Garcia,315,0,0,0
2005,Shaun Micheel,315,0,0,0
2005,Shigeki Maruyama,315,0,0,0
2005,Stuart Wilson,315,0,0,0
2005,Ted Purdy,315,0,0,0
2005,Tom Watson,315,0,0,0
2005,Tommy Aaron,315,0,0,0
2005,Zach Johnson,315,0,0,0
2006,Phil Mickelson,281,1,1,1
2006,Tim Clark,283,1,1,0
2006,Chad Campbell,284,1,1,0
2006,Fred Couples,284,1,1,0
2006,José María Olazábal,284,1,1,0
2006,Retief Goosen,284,1,1,0
2006,Tiger Woods,284,1,1,0
2006,Ángel Cabrera,285,1,1,0
2006,Vijay Singh,285,1,1,0
2006,Stewart Cink,286,1,1,0
2006,Miguel Angel Jiménez,287,1,0,0
2006,Mike Weir,287,1,0,0
2006,Stephen Ames,287,1,0,0
2006,Arron Oberholser,288,1,0,0
2006,Billy Mayfair,288,1,0,0
2006,Geoff Ogilvy,289,1,0,0
2006,Rod Pampling,289,1,0,0
2006,Scott Verplank,289,1,0,0
2006,David Howell,290,1,0,0
2006,Nick O'Hern,290,1,0,0
2006,Stuart Appleby,290,1,0,0
2006,Darren Clarke,291,1,0,0
2006,Davis Love III,291,1,0,0
2006,Jim Furyk,291,1,0,0
2006,Mark Hensby,291,1,0,0
2006,Robert Allenby,291,1,0,0
2006,Adam Scott,292,1,0,0
2006,Carl Pettersson,292,1,0,0
2006,Ernie Els,292,1,0,0
2006,Padraig Harrington,292,1,0,0
2006,Shingo Katayama,292,1,0,0
2006,Brandt Jobe,293,1,0,0
2006,Ted Purdy,293,1,0,0
2006,Thomas Bjørn,293,1,0,0
2006,Zach Johnson,293,1,0,0
2006,Rocco Mediate,294,1,0,0
2006,Rory Sabbatini,294,1,0,0
2006,Tim Herron,294,1,0,0
2006,Ben Curtis,295,1,0,0
2006,Jason Bohn,295,1,0,0
2006,Justin Leonard,295,1,0,0
2006,Larry Mize,296,1,0,0
2006,Luke Donald,296,1,0,0
2006,Rich Beem,296,1,0,0
2006,Olin Browne,297,1,0,0
2006,Sergio Garcia,298,1,0,0
2006,Ben Crenshaw,300,1,0,0
2006,Bart Bryant,315,0,0,0
2006,Ben Crane,315,0,0,0
2006,Bernhard Langer,315,0,0,0
2006,Brian McElhinney,315,0,0,0
2006,Charles Coody,315,0,0,0
2006,Charles Howell III,315,0,0,0
2006,Chris DiMarco,315,0,0,0
2006,Clay Ogden,315,0,0,0
2006,Colin Montgomerie,315,0,0,0
2006,Craig Stadler,315,0,0,0
2006,David Duval,315,0,0,0
2006,David Toms,315,0,0,0
2006,Dillon Dougherty,315,0,0,0
2006,Edoardo Molinari,315,0,0,0
2006,Fred Funk,315,0,0,0
2006,Fuzzy Zoeller,315,0,0,0
2006,Gary Player,315,0,0,0
2006,Henrik Stenson,315,0,0,0
2006,Ian Woosnam,315,0,0,0
2006,Joe Ogilvie,315,0,0,0
2006,John Daly,315,0,0,0
2006,K.J. Choi,315,0,0,0
2006,Kevin Marsh,315,0,0,0
2006,Lee Westwood,315,0,0,0
2006,Lucas Glover,315,0,0,0
2006,Mark Calcavecchia,315,0,0,0
2006,Mark O'Meara,315,0,0,0
2006,Michael Campbell,315,0,0,0
2006,Nick Faldo,315,0,0,0
2006,Paul McGinley,315,0,0,0
2006,Peter Lonard,315,0,0,0
2006,Raymond Floyd,315,0,0,0
2006,Sandy Lyle,315,0,0,0
2006,Sean O'Hair,315,0,0,0
2006,Shaun Micheel,315,0,0,0
2006,Shigeki Maruyama,315,0,0,0
2006,Thomas Levet,315,0,0,0
2006,Thongchai Jaidee,315,0,0,0
2006,Todd Hamilton,315,0,0,0
2006,Tom Lehman,315,0,0,0
2006,Tom Watson,315,0,0,0
2006,Trevor Immelman,315,0,0,0
2006,Vaughn Taylor,315,0,0,0
2007,Zach Johnson,289,1,1,1
2007,Retief Goosen,291,1,1,0
2007,Rory Sabbatini,291,1,1,0
2007,Tiger Woods,291,1,1,0
2007,Jerry Kelly,292,1,1,0
2007,Justin Rose,292,1,1,0
2007,Padraig Harrington,293,1,1,0
2007,Stuart Appleby,293,1,1,0
2007,David Toms,294,1,1,0
2007,Luke Donald,295,1,1,0
2007,Paul Casey,295,1,1,0
2007,Vaughn Taylor,295,1,1,0
2007,Ian Poulter,296,1,0,0
2007,Jim Furyk,296,1,0,0
2007,Tim Clark,296,1,0,0
2007,Vijay Singh,296,1,0,0
2007,Henrik Stenson,297,1,0,0
2007,Stewart Cink,297,1,0,0
2007,Tom Pernice Jr.,297,1,0,0
2007,John Rollins,298,1,0,0
2007,Lucas Glover,298,1,0,0
2007,Mark Calcavecchia,298,1,0,0
2007,Mike Weir,298,1,0,0
2007,Geoff Ogilvy,299,1,0,0
2007,Phil Mickelson,299,1,0,0
2007,Stephen Ames,299,1,0,0
2007,Adam Scott,300,1,0,0
2007,Davis Love III,300,1,0,0
2007,K.J. Choi,300,1,0,0
2007,Charles Howell III,301,1,0,0
2007,Dean Wilson,301,1,0,0
2007,Fred Couples,301,1,0,0
2007,Lee Westwood,301,1,0,0
2007,Robert Karlsson,301,1,0,0
2007,Scott Verplank,301,1,0,0
2007,Y.E. Yang,301,1,0,0
2007,Ángel Cabrera,302,1,0,0
2007,Brett Wetterich,302,1,0,0
2007,J.J. Henry,302,1,0,0
2007,Jeev Milkha Singh,302,1,0,0
2007,Rod Pampling,302,1,0,0
2007,Tim Herron,302,1,0,0
2007,Sandy Lyle,303,1,0,0
2007,Bradley Dredge,304,1,0,0
2007,David Howell,304,1,0,0
2007,José María Olazábal,304,1,0,0
2007,Miguel Angel Jiménez,304,1,0,0
2007,Shingo Katayama,304,1,0,0
2007,Craig Stadler,305,1,0,0
2007,Jeff Sluman,305,1,0,0
2007,Brett Quigley,306,1,0,0
2007,Aaron Baddeley,307,1,0,0
2007,Carl Pettersson,307,1,0,0
2007,Rich Beem,308,1,0,0
2007,Ben Crenshaw,309,1,0,0
2007,Niclas Fasth,309,1,0,0
2007,Trevor Immelman,309,1,0,0
2007,Arron Oberholser,310,1,0,0
2007,Billy Mayfair,311,1,0,0
2007,Fuzzy Zoeller,313,1,0,0
2007,Bart Bryant,315,0,0,0
2007,Ben Crane,315,0,0,0
2007,Ben Curtis,315,0,0,0
2007,Bernhard Langer,315,0,0,0
2007,Camilo Villegas,315,0,0,0
2007,Casey Watabu,315,0,0,0
2007,Chad Campbell,315,0,0,0
2007,Chris DiMarco,315,0,0,0
2007,Colin Montgomerie,315,0,0,0
2007,Darren Clarke,315,0,0,0
2007,Dave Womack,315,0,0,0
2007,Ernie Els,315,0,0,0
2007,Fred Funk,315,0,0,0
2007,Gary Player,315,0,0,0
2007,Hideto Tanihara,315,0,0,0
2007,Joe Durant,315,0,0,0
2007,Johan Edfors,315,0,0,0
2007,John Kelly,315,0,0,0
2007,Julien Guerrier,315,0,0,0
2007,Kenneth Ferrie,315,0,0,0
2007,Larry Mize,315,0,0,0
2007,Mark O'Meara,315,0,0,0
2007,Michael Campbell,315,0,0,0
2007,Nick O'Hern,315,0,0,0
2007,Paul Goydos,315,0,0,0
2007,Raymond Floyd,315,0,0,0
2007,Richie Ramsay,315,0,0,0
2007,Robert Allenby,315,0,0,0
2007,Sergio Garcia,315,0,0,0
2007,Seve Ballesteros,315,0,0,0
2007,Shaun Micheel,315,0,0,0
2007,Steve Stricker,315,0,0,0
2007,Thomas Bjørn,315,0,0,0
2007,Todd Hamilton,315,0,0,0
2007,Tom Watson,315,0,0,0
2007,Troy Matteson,315,0,0,0
2008,Trevor Immelman,280,1,1,1
2008,Tiger Woods,283,1,1,0
2008,Brandt Snedeker,284,1,1,0
2008,Stewart Cink,284,1,1,0
2008,Padraig Harrington,286,1,1,0
2008,Phil Mickelson,286,1,1,0
2008,Steve Flesch,286,1,1,0
2008,Andres Romero,287,1,1,0
2008,Miguel Angel Jiménez,287,1,1,0
2008,Robert Karlsson,287,1,1,0
2008,Lee Westwood,288,1,0,0
2008,Nick Watney,288,1,0,0
2008,Paul Casey,288,1,0,0
2008,Sean O'Hair,289,1,0,0
2008,Stuart Appleby,289,1,0,0
2008,Vijay Singh,289,1,0,0
2008,Henrik Stenson,290,1,0,0
2008,Mike Weir,290,1,0,0
2008,Retief Goosen,290,1,0,0
2008,Boo Weekley,291,1,0,0
2008,Brian Bateman,291,1,0,0
2008,Bubba Watson,291,1,0,0
2008,Justin Leonard,291,1,0,0
2008,Zach Johnson,291,1,0,0
2008,Adam Scott,292,1,0,0
2008,Ángel Cabrera,292,1,0,0
2008,Arron Oberholser,292,1,0,0
2008,Ian Poulter,292,1,0,0
2008,J.B. Holmes,292,1,0,0
2008,Jeev Milkha Singh,292,1,0,0
2008,Richard Sterne,292,1,0,0
2008,Stephen Ames,292,1,0,0
2008,Heath Slocum,293,1,0,0
2008,Jim Furyk,293,1,0,0
2008,Nick Dougherty,293,1,0,0
2008,Johnson Wagner,295,1,0,0
2008,Justin Rose,295,1,0,0
2008,Todd Hamilton,295,1,0,0
2008,Geoff Ogilvy,296,1,0,0
2008,Niclas Fasth,296,1,0,0
2008,K.J. Choi,298,1,0,0
2008,David Toms,299,1,0,0
2008,Robert Allenby,299,1,0,0
2008,Ian Woosnam,300,1,0,0
2008,Sandy Lyle,302,1,0,0
2008,Aaron Baddeley,315,0,0,0
2008,Anders Hansen,315,0,0,0
2008,Ben Crenshaw,315,0,0,0
2008,Ben Curtis,315,0,0,0
2008,Bernhard Langer,315,0,0,0
2008,Brett Wetterich,315,0,0,0
2008,Camilo Villegas,315,0,0,0
2008,Charles Howell III,315,0,0,0
2008,Craig Stadler,315,0,0,0
2008,D.J. Trahan,315,0,0,0
2008,Daniel Chopra,315,0,0,0
2008,Drew Weaver,315,0,0,0
2008,Ernie Els,315,0,0,0
2008,Fred Couples,315,0,0,0
2008,Fuzzy Zoeller,315,0,0,0
2008,Gary Player,315,0,0,0
2008,Hunter Mahan,315,0,0,0
2008,Jerry Kelly,315,0,0,0
2008,John Rollins,315,0,0,0
2008,John Senden,315,0,0,0
2008,Jonathan Byrd,315,0,0,0
2008,José María Olazábal,315,0,0,0
2008,Larry Mize,315,0,0,0
2008,Luke Donald,315,0,0,0
2008,Mark Calcavecchia,315,0,0,0
2008,Mark O'Meara,315,0,0,0
2008,Martin Kaymer,315,0,0,0
2008,Michael Campbell,315,0,0,0
2008,Michael Thompson,315,0,0,0
2008,Nick O'Hern,315,0,0,0
2008,Peter Lonard,315,0,0,0
2008,Prayad Marksaeng,315,0,0,0
2008,Raymond Floyd,315,0,0,0
2008,Richard Green,315,0,0,0
2008,Rory Sabbatini,315,0,0,0
2008,Scott Verplank,315,0,0,0
2008,Sergio Garcia,315,0,0,0
2008,Shaun Micheel,315,0,0,0
2008,Shingo Katayama,315,0,0,0
2008,Soren Hansen,315,0,0,0
2008,Steve Lowery,315,0,0,0
2008,Steve Stricker,315,0,0,0
2008,Tim Clark,315,0,0,0
2008,Tom Watson,315,0,0,0
2008,Toru Taniguchi,315,0,0,0
2008,Trip Kuehne,315,0,0,0
2008,Vaughn Taylor,315,0,0,0
2008,Wen-Chong Liang,315,0,0,0
2008,Woody Austin,315,0,0,0
2009,Ángel Cabrera,276,1,1,1
2009,Chad Campbell,276,1,1,0
2009,Kenny Perry,276,1,1,0
2009,Shingo Katayama,278,1,1,0
2009,Phil Mickelson,279,1,1,0
2009,John Merrick,280,1,1,0
2009,Steve Flesch,280,1,1,0
2009,Steve Stricker,280,1,1,0
2009,Tiger Woods,280,1,1,0
2009,Hunter Mahan,281,1,1,0
2009,Jim Furyk,281,1,1,0
2009,Sean O'Hair,281,1,1,0
2009,Camilo Villegas,282,1,0,0
2009,Tim Clark,282,1,0,0
2009,Geoff Ogilvy,283,1,0,0
2009,Todd Hamilton,283,1,0,0
2009,Aaron Baddeley,284,1,0,0
2009,Graeme McDowell,284,1,0,0
2009,Nick Watney,285,1,0,0
2009,Anthony Kim,286,1,0,0
2009,Ian Poulter,286,1,0,0
2009,Justin Rose,286,1,0,0
2009,Paul Casey,286,1,0,0
2009,Rory McIlroy,286,1,0,0
2009,Rory Sabbatini,286,1,0,0
2009,Ryuji Imada,286,1,0,0
2009,Sandy Lyle,286,1,0,0
2009,Stephen Ames,286,1,0,0
2009,Trevor Immelman,286,1,0,0
2009,Dustin Johnson,287,1,0,0
2009,Larry Mize,287,1,0,0
2009,Ross Fisher,287,1,0,0
2009,Stuart Appleby,287,1,0,0
2009,Vijay Singh,287,1,0,0
2009,Ben Curtis,288,1,0,0
2009,Ken Duke,288,1,0,0
2009,Padraig Harrington,288,1,0,0
2009,Henrik Stenson,289,1,0,0
2009,Luke Donald,289,1,0,0
2009,Robert Allenby,289,1,0,0
2009,Sergio Garcia,289,1,0,0
2009,Bubba Watson,290,1,0,0
2009,Lee Westwood,291,1,0,0
2009,D.J. Trahan,293,1,0,0
2009,Dudley Hart,293,1,0,0
2009,Kevin Sutherland,294,1,0,0
2009,Miguel Angel Jiménez,294,1,0,0
2009,Mike Weir,294,1,0,0
2009,Andres Romero,298,1,0,0
2009,Rocco Mediate,298,1,0,0
2009,Adam Scott,315,0,0,0
2009,Alvaro Quiros,315,0,0,0
2009,Ben Crenshaw,315,0,0,0
2009,Bernhard Langer,315,0,0,0
2009,Billy Mayfair,315,0,0,0
2009,Boo Weekley,315,0,0,0
2009,Brandt Snedeker,315,0,0,0
2009,Briny Baird,315,0,0,0
2009,Carl Pettersson,315,0,0,0
2009,Chez Reavie,315,0,0,0
2009,Craig Stadler,315,0,0,0
2009,Danny Lee,315,0,0,0
2009,Drew Kittleson,315,0,0,0
2009,Ernie Els,315,0,0,0
2009,Fred Couples,315,0,0,0
2009,Fuzzy Zoeller,315,0,0,0
2009,Gary Player,315,0,0,0
2009,Greg Norman,315,0,0,0
2009,Ian Woosnam,315,0,0,0
2009,Jack Newman,315,0,0,0
2009,Jeev Milkha Singh,315,0,0,0
2009,José María Olazábal,315,0,0,0
2009,Justin Leonard,315,0,0,0
2009,K.J. Choi,315,0,0,0
2009,Louis Oosthuizen,315,0,0,0
2009,Mark O'Meara,315,0,0,0
2009,Martin Kaymer,315,0,0,0
2009,Mathew Goggin,315,0,0,0
2009,Michael Campbell,315,0,0,0
2009,Oliver Wilson,315,0,0,0
2009,Pat Perez,315,0,0,0
2009,Prayad Marksaeng,315,0,0,0
2009,Raymond Floyd,315,0,0,0
2009,Reinier Saxton,315,0,0,0
2009,Retief Goosen,315,0,0,0
2009,Richard Sterne,315,0,0,0
2009,Robert Karlsson,315,0,0,0
2009,Ryo Ishikawa,315,0,0,0
2009,Soren Hansen,315,0,0,0
2009,Søren Kjeldsen,315,0,0,0
2009,Steve Wilson,315,0,0,0
2009,Stewart Cink,315,0,0,0
2009,Tom Watson,315,0,0,0
2009,Wen-Tang Lin,315,0,0,0
2009,Y.E. Yang,315,0,0,0
2009,Zach Johnson,315,0,0,0
2010,Phil Mickelson,272,1,1,1
2010,Lee Westwood,275,1,1,0
2010,Anthony Kim,276,1,1,0
2010,K.J. Choi,277,1,1,0
2010,Tiger Woods,277,1,1,0
2010,Fred Couples,279,1,1,0
2010,Nick Watney,280,1,1,0
2010,Hunter Mahan,281,1,1,0
2010,Y.E. Yang,281,1,1,0
2010,Ian Poulter,283,1,1,0
2010,Ricky Barnes,283,1,1,0
2010,Jerry Kelly,285,1,0,0
2010,Miguel Angel Jiménez,285,1,0,0
2010,David Toms,286,1,0,0
2010,Ryan Moore,286,1,0,0
2010,Steve Marino,286,1,0,0
2010,Trevor Immelman,286,1,0,0
2010,Adam Scott,287,1,0,0
2010,Ángel Cabrera,287,1,0,0
2010,Ernie Els,287,1,0,0
2010,Heath Slocum,287,1,0,0
2010,Scott Verplank,287,1,0,0
2010,Tom Watson,287,1,0,0
2010,Ben Crane,288,1,0,0
2010,Matt Kuchar,288,1,0,0
2010,Bill Haas,289,1,0,0
2010,Geoff Ogilvy,289,1,0,0
2010,Kenny Perry,289,1,0,0
2010,Yuta Ikeda,290,1,0,0
2010,Charl Schwartzel,291,1,0,0
2010,Francesco Molinari,291,1,0,0
2010,Jason Dufner,291,1,0,0
2010,Sean O'Hair,291,1,0,0
2010,Søren Kjeldsen,291,1,0,0
2010,Steve Stricker,291,1,0,0
2010,Lucas Glover,292,1,0,0
2010,Matteo Manassero,292,1,0,0
2010,Camilo Villegas,294,1,0,0
2010,Dustin Johnson,294,1,0,0
2010,Retief Goosen,294,1,0,0
2010,Steve Flesch,294,1,0,0
2010,Zach Johnson,295,1,0,0
2010,Mike Weir,296,1,0,0
2010,Robert Karlsson,296,1,0,0
2010,Chad Campbell,298,1,0,0
2010,Robert Allenby,298,1,0,0
2010,Sergio Garcia,298,1,0,0
2010,Nathan Green,302,1,0,0
2010,Alvaro Quiros,315,0,0,0
2010,Anders Hansen,315,0,0,0
2010,Ben Crenshaw,315,0,0,0
2010,Ben Curtis,315,0,0,0
2010,Ben Martin,315,0,0,0
2010,Bernhard Langer,315,0,0,0
2010,Brad Benjamin,315,0,0,0
2010,Brian Gay,315,0,0,0
2010,Byeong Hun An,315,0,0,0
2010,Chang-won Han,315,0,0,0
2010,Chris Wood,315,0,0,0
2010,Craig Stadler,315,0,0,0
2010,David Duval,315,0,0,0
2010,Edoardo Molinari,315,0,0,0
2010,Graeme McDowell,315,0,0,0
2010,Henrik Stenson,315,0,0,0
2010,Ian Woosnam,315,0,0,0
2010,Jim Furyk,315,0,0,0
2010,John Merrick,315,0,0,0
2010,John Rollins,315,0,0,0
2010,John Senden,315,0,0,0
2010,Justin Leonard,315,0,0,0
2010,Kevin Na,315,0,0,0
2010,Larry Mize,315,0,0,0
2010,Louis Oosthuizen,315,0,0,0
2010,Luke Donald,315,0,0,0
2010,Marc Leishman,315,0,0,0
2010,Mark O'Meara,315,0,0,0
2010,Martin Kaymer,315,0,0,0
2010,Michael Campbell,315,0,0,0
2010,Nathan Smith,315,0,0,0
2010,Oliver Wilson,315,0,0,0
2010,Padraig Harrington,315,0,0,0
2010,Paul Casey,315,0,0,0
2010,Rory McIlroy,315,0,0,0
2010,Rory Sabbatini,315,0,0,0
2010,Ross Fisher,315,0,0,0
2010,Ryan Palmer,315,0,0,0
2010,Ryo Ishikawa,315,0,0,0
2010,Sandy Lyle,315,0,0,0
2010,Shingo Katayama,315,0,0,0
2010,Simon Dyson,315,0,0,0
2010,Soren Hansen,315,0,0,0
2010,Stewart Cink,315,0,0,0
2010,Thongchai Jaidee,315,0,0,0
2010,Tim Clark,315,0,0,0
2010,Todd Hamilton,315,0,0,0
2010,Vijay Singh,315,0,0,0
2011,Charl Schwartzel,274,1,1,1
2011,Adam Scott,276,1,1,0
2011,Jason Day,276,1,1,0
2011,Geoff Ogilvy,278,1,1,0
2011,Luke Donald,278,1,1,0
2011,Tiger Woods,278,1,1,0
2011,Ángel Cabrera,279,1,1,0
2011,Bo Van Pelt,280,1,1,0
2011,K.J. Choi,280,1,1,0
2011,Ryan Palmer,282,1,1,0
2011,Edoardo Molinari,283,1,0,0
2011,Justin Rose,283,1,0,0
2011,Lee Westwood,283,1,0,0
2011,Steve Stricker,283,1,0,0
2011,Brandt Snedeker,284,1,0,0
2011,Fred Couples,284,1,0,0
2011,Rory McIlroy,284,1,0,0
2011,Ross Fisher,284,1,0,0
2011,Trevor Immelman,284,1,0,0
2011,Martin Laird,285,1,0,0
2011,Ricky Barnes,285,1,0,0
2011,Ryo Ishikawa,285,1,0,0
2011,Y.E. Yang,285,1,0,0
2011,David Toms,286,1,0,0
2011,Gary Woodland,286,1,0,0
2011,Jim Furyk,286,1,0,0
2011,Alvaro Quiros,287,1,0,0
2011,Charley Hoffman,287,1,0,0
2011,Hideki Matsuyama,287,1,0,0
2011,Ian Poulter,287,1,0,0
2011,Matt Kuchar,287,1,0,0
2011,Miguel Angel Jiménez,287,1,0,0
2011,Phil Mickelson,287,1,0,0
2011,Robert Karlsson,287,1,0,0
2011,Alex Cejka,288,1,0,0
2011,Ryan Moore,288,1,0,0
2011,Sergio Garcia,288,1,0,0
2011,Bubba Watson,289,1,0,0
2011,Dustin Johnson,289,1,0,0
2011,Paul Casey,289,1,0,0
2011,Rickie Fowler,289,1,0,0
2011,Bill Haas,290,1,0,0
2011,Steve Marino,290,1,0,0
2011,Jeff Overton,291,1,0,0
2011,K.T. Kim,291,1,0,0
2011,Nick Watney,292,1,0,0
2011,Aaron Baddeley,293,1,0,0
2011,Ernie Els,293,1,0,0
2011,Camilo Villegas,294,1,0,0
2011,Anders Hansen,315,0,0,0
2011,Anthony Kim,315,0,0,0
2011,Arjun Atwal,315,0,0,0
2011,Ben Crane,315,0,0,0
2011,Ben Crenshaw,315,0,0,0
2011,Carl Pettersson,315,0,0,0
2011,Craig Stadler,315,0,0,0
2011,D.A. Points,315,0,0,0
2011,David Chung,315,0,0,0
2011,Davis Love III,315,0,0,0
2011,Francesco Molinari,315,0,0,0
2011,Graeme McDowell,315,0,0,0
2011,Grégory Havret,315,0,0,0
2011,Heath Slocum,315,0,0,0
2011,Henrik Stenson,315,0,0,0
2011,Hiroyuki Fujita,315,0,0,0
2011,Hunter Mahan,315,0,0,0
2011,Ian Woosnam,315,0,0,0
2011,Jason Bohn,315,0,0,0
2011,Jerry Kelly,315,0,0,0
2011,Jhonattan Vegas,315,0,0,0
2011,Jonathan Byrd,315,0,0,0
2011,José María Olazábal,315,0,0,0
2011,Kevin Na,315,0,0,0
2011,Kevin Streelman,315,0,0,0
2011,Larry Mize,315,0,0,0
2011,Lion Kim,315,0,0,0
2011,Louis Oosthuizen,315,0,0,0
2011,Lucas Glover,315,0,0,0
2011,Mark O'Meara,315,0,0,0
2011,Mark Wilson,315,0,0,0
2011,Martin Kaymer,315,0,0,0
2011,Mike Weir,315,0,0,0
2011,Nathan Smith,315,0,0,0
2011,Padraig Harrington,315,0,0,0
2011,Peter Hanson,315,0,0,0
2011,Peter Uihlein,315,0,0,0
2011,Retief Goosen,315,0,0,0
2011,Robert Allenby,315,0,0,0
2011,Rory Sabbatini,315,0,0,0
2011,Sandy Lyle,315,0,0,0
2011,Sean O'Hair,315,0,0,0
2011,Stewart Cink,315,0,0,0
2011,Stuart Appleby,315,0,0,0
2011,Tim Clark,315,0,0,0
2011,Tom Watson,315,0,0,0
2011,Vijay Singh,315,0,0,0
2011,Yeon Jin Jeong,315,0,0,0
2011,Yuta Ikeda,315,0,0,0
2011,Zach Johnson,315,0,0,0
2012,Bubba Watson,278,1,1,1
2012,Louis Oosthuizen,278,1,1,0
2012,Lee Westwood,280,1,1,0
2012,Matt Kuchar,280,1,1,0
2012,Peter Hanson,280,1,1,0
2012,Phil Mickelson,280,1,1,0
2012,Ian Poulter,283,1,1,0
2012,Adam Scott,284,1,1,0
2012,Justin Rose,284,1,1,0
2012,Padraig Harrington,284,1,1,0
2012,Jim Furyk,285,1,1,0
2012,Fred Couples,286,1,0,0
2012,Graeme McDowell,286,1,0,0
2012,Hunter Mahan,286,1,0,0
2012,Kevin Na,286,1,0,0
2012,Sergio Garcia,286,1,0,0
2012,Ben Crane,287,1,0,0
2012,Bo Van Pelt,287,1,0,0
2012,Brandt Snedeker,288,1,0,0
2012,Charles Howell III,288,1,0,0
2012,Francesco Molinari,288,1,0,0
2012,Freddie Jacobson,288,1,0,0
2012,Geoff Ogilvy,288,1,0,0
2012,Anders Hansen,289,1,0,0
2012,Jason Dufner,289,1,0,0
2012,Paul Lawrie,289,1,0,0
2012,Jonathan Byrd,290,1,0,0
2012,Keegan Bradley,290,1,0,0
2012,Rickie Fowler,290,1,0,0
2012,Scott Stallings,290,1,0,0
2012,Vijay Singh,290,1,0,0
2012,Ángel Cabrera,291,1,0,0
2012,Luke Donald,291,1,0,0
2012,Nick Watney,291,1,0,0
2012,Sean O'Hair,291,1,0,0
2012,Zach Johnson,291,1,0,0
2012,Bill Haas,292,1,0,0
2012,Sangmoon Bae,292,1,0,0
2012,Thomas Bjørn,292,1,0,0
2012,Aaron Baddeley,293,1,0,0
2012,Henrik Stenson,293,1,0,0
2012,Rory McIlroy,293,1,0,0
2012,Tiger Woods,293,1,0,0
2012,Kevin Chappell,294,1,0,0
2012,Martin Kaymer,294,1,0,0
2012,Webb Simpson,294,1,0,0
2012,Patrick Cantlay,295,1,0,0
2012,Ross Fisher,295,1,0,0
2012,Steve Stricker,295,1,0,0
2012,Charl Schwartzel,296,1,0,0
2012,David Toms,296,1,0,0
2012,Robert Karlsson,296,1,0,0
2012,Stewart Cink,296,1,0,0
2012,Hideki Matsuyama,297,1,0,0
2012,Scott Verplank,297,1,0,0
2012,Miguel Angel Jiménez,298,1,0,0
2012,Edoardo Molinari,299,1,0,0
2012,Martin Laird,299,1,0,0
2012,Y.E. Yang,299,1,0,0
2012,Trevor Immelman,301,1,0,0
2012,Gonzalo Fernandez-Castaño,302,1,0,0
2012,Kelly Kraft,306,1,0,0
2012,Alvaro Quiros,315,0,0,0
2012,Ben Crenshaw,315,0,0,0
2012,Bernhard Langer,315,0,0,0
2012,Brendan Steele,315,0,0,0
2012,Bryden MacPherson,315,0,0,0
2012,Chez Reavie,315,0,0,0
2012,Corbin Mills,315,0,0,0
2012,Craig Stadler,315,0,0,0
2012,Darren Clarke,315,0,0,0
2012,Gary Woodland,315,0,0,0
2012,Harrison Frazar,315,0,0,0
2012,Ian Woosnam,315,0,0,0
2012,Jason Day,315,0,0,0
2012,John Senden,315,0,0,0
2012,Johnson Wagner,315,0,0,0
2012,José María Olazábal,315,0,0,0
2012,K.J. Choi,315,0,0,0
2012,K.T. Kim,315,0,0,0
2012,Kyle Stanley,315,0,0,0
2012,Larry Mize,315,0,0,0
2012,Lucas Glover,315,0,0,0
2012,Mark Wilson,315,0,0,0
2012,Mike Weir,315,0,0,0
2012,Paul Casey,315,0,0,0
2012,Randal Lewis,315,0,0,0
2012,Robert Garrigus,315,0,0,0
2012,Rory Sabbatini,315,0,0,0
2012,Ryan Palmer,315,0,0,0
2012,Ryo Ishikawa,315,0,0,0
2012,Sandy Lyle,315,0,0,0
2012,Simon Dyson,315,0,0,0
2012,Tim Clark,315,0,0,0
2012,Tom Watson,315,0,0,0
2013,Adam Scott,279,1,1,1
2013,Ángel Cabrera,279,1,1,0
2013,Jason Day,281,1,1,0
2013,Marc Leishman,283,1,1,0
2013,Tiger Woods,283,1,1,0
2013,Brandt Snedeker,284,1,1,0
2013,Thorbjørn Olesen,284,1,1,0
2013,Lee Westwood,285,1,1,0
2013,Matt Kuchar,285,1,1,0
2013,Sergio Garcia,285,1,1,0
2013,John Huh,286,1,0,0
2013,Tim Clark,286,1,0,0
2013,David Toms,287,1,0,0
2013,Dustin Johnson,287,1,0,0
2013,Ernie Els,287,1,0,0
2013,Fred Couples,287,1,0,0
2013,Nick Watney,287,1,0,0
2013,Branden Grace,288,1,0,0
2013,Henrik Stenson,288,1,0,0
2013,Bill Haas,289,1,0,0
2013,Bo Van Pelt,289,1,0,0
2013,Gonzalo Fernandez-Castaño,289,1,0,0
2013,Jason Dufner,289,1,0,0
2013,Steve Stricker,289,1,0,0
2013,Bernhard Langer,290,1,0,0
2013,Charl Schwartzel,290,1,0,0
2013,Freddie Jacobson,290,1,0,0
2013,Jim Furyk,290,1,0,0
2013,Justin Rose,290,1,0,0
2013,Luke Donald,290,1,0,0
2013,Michael Thompson,290,1,0,0
2013,Richard Sterne,290,1,0,0
2013,Rory McIlroy,290,1,0,0
2013,Stewart Cink,290,1,0,0
2013,John Senden,291,1,0,0
2013,Martin Kaymer,291,1,0,0
2013,Zach Johnson,291,1,0,0
2013,Brian Gay,292,1,0,0
2013,D.A. Points,292,1,0,0
2013,Paul Lawrie,292,1,0,0
2013,Rickie Fowler,292,1,0,0
2013,Robert Garrigus,292,1,0,0
2013,Ryan Moore,292,1,0,0
2013,Ryo Ishikawa,292,1,0,0
2013,Vijay Singh,292,1,0,0
2013,David Lynn,293,1,0,0
2013,K.J. Choi,293,1,0,0
2013,Thomas Bjørn,293,1,0,0
2013,Lucas Glover,294,1,0,0
2013,Bubba Watson,295,1,0,0
2013,José María Olazábal,295,1,0,0
2013,Peter Hanson,295,1,0,0
2013,Trevor Immelman,295,1,0,0
2013,Keegan Bradley,297,1,0,0
2013,Phil Mickelson,297,1,0,0
2013,Sandy Lyle,297,1,0,0
2013,Scott Piercy,297,1,0,0
2013,Guan Tian Liang,300,1,0,0
2013,Kevin Na,301,1,0,0
2013,John Peterson,302,1,0,0
2013,Carl Pettersson,304,1,0,0
2013,Alan Dunbar,315,0,0,0
2013,Ben Crenshaw,315,0,0,0
2013,Ben Curtis,315,0,0,0
2013,Craig Stadler,315,0,0,0
2013,Francesco Molinari,315,0,0,0
2013,George Coetzee,315,0,0,0
2013,Graeme McDowell,315,0,0,0
2013,Hiroyuki Fujita,315,0,0,0
2013,Hunter Mahan,315,0,0,0
2013,Ian Poulter,315,0,0,0
2013,Ian Woosnam,315,0,0,0
2013,Jamie Donaldson,315,0,0,0
2013,John Merrick,315,0,0,0
2013,Kevin Streelman,315,0,0,0
2013,Larry Mize,315,0,0,0
2013,Louis Oosthuizen,315,0,0,0
2013,Mark O'Meara,315,0,0,0
2013,Martin Laird,315,0,0,0
2013,Matteo Manassero,315,0,0,0
2013,Michael Weaver,315,0,0,0
2013,Mike Weir,315,0,0,0
2013,Nathan Smith,315,0,0,0
2013,Nicolas Colsaerts,315,0,0,0
2013,Padraig Harrington,315,0,0,0
2013,Russell Henley,315,0,0,0
2013,Steven Fox,315,0,0,0
2013,T.J. Vogel,315,0,0,0
2013,"Ted Potter, Jr.",315,0,0,0
2013,Thaworn Wiratchant,315,0,0,0
2013,Tom Watson,315,0,0,0
2013,Webb Simpson,315,0,0,0
2013,Y.E. Yang,315,0,0,0
2014,Bubba Watson,280,1,1,1
2014,Jonas Blixt,283,1,1,0
2014,Jordan Spieth,283,1,1,0
2014,Miguel Angel Jiménez,284,1,1,0
2014,Matt Kuchar,286,1,1,0
2014,Rickie Fowler,286,1,1,0
2014,Lee Westwood,287,1,1,0
2014,Bernhard Langer,288,1,1,0
2014,Jimmy Walker,288,1,1,0
2014,John Senden,288,1,1,0
2014,Kevin Stadler,288,1,1,0
2014,Rory McIlroy,288,1,1,0
2014,Thomas Bjørn,288,1,1,0
2014,Adam Scott,289,1,0,0
2014,Henrik Stenson,289,1,0,0
2014,Jamie Donaldson,289,1,0,0
2014,Jim Furyk,289,1,0,0
2014,Justin Rose,289,1,0,0
2014,Stewart Cink,289,1,0,0
2014,Bill Haas,290,1,0,0
2014,Chris Kirk,290,1,0,0
2014,Fred Couples,290,1,0,0
2014,Ian Poulter,290,1,0,0
2014,Jason Day,290,1,0,0
2014,Louis Oosthuizen,291,1,0,0
2014,Gary Woodland,292,1,0,0
2014,Gonzalo Fernandez-Castaño,292,1,0,0
2014,Hunter Mahan,292,1,0,0
2014,Joost Luiten,292,1,0,0
2014,Steven Bowditch,292,1,0,0
2014,Martin Kaymer,293,1,0,0
2014,Russell Henley,293,1,0,0
2014,Steve Stricker,293,1,0,0
2014,José María Olazábal,294,1,0,0
2014,K.J. Choi,294,1,0,0
2014,Stephen Gallacher,294,1,0,0
2014,Billy Horschel,295,1,0,0
2014,Brandt Snedeker,295,1,0,0
2014,Brendon de Jonge,295,1,0,0
2014,Thongchai Jaidee,295,1,0,0
2014,Vijay Singh,295,1,0,0
2014,Kevin Streelman,296,1,0,0
2014,Lucas Glover,296,1,0,0
2014,Darren Clarke,297,1,0,0
2014,Mike Weir,297,1,0,0
2014,Nick Watney,297,1,0,0
2014,Sandy Lyle,297,1,0,0
2014,Thorbjørn Olesen,297,1,0,0
2014,Oliver Goss,298,1,0,0
2014,Francesco Molinari,299,1,0,0
2014,Larry Mize,304,1,0,0
2014,Ángel Cabrera,315,0,0,0
2014,Ben Crenshaw,315,0,0,0
2014,Boo Weekley,315,0,0,0
2014,Branden Grace,315,0,0,0
2014,Chang-woo Lee,315,0,0,0
2014,Charl Schwartzel,315,0,0,0
2014,Craig Stadler,315,0,0,0
2014,D.A. Points,315,0,0,0
2014,David Lynn,315,0,0,0
2014,Derek Ernst,315,0,0,0
2014,Dustin Johnson,315,0,0,0
2014,Ernie Els,315,0,0,0
2014,Garrick Porteous,315,0,0,0
2014,Graeme McDowell,315,0,0,0
2014,Graham DeLaet,315,0,0,0
2014,Harris English,315,0,0,0
2014,Hideki Matsuyama,315,0,0,0
2014,Ian Woosnam,315,0,0,0
2014,Jason Dufner,315,0,0,0
2014,John Huh,315,0,0,0
2014,Jordan Niebrugge,315,0,0,0
2014,Keegan Bradley,315,0,0,0
2014,Ken Duke,315,0,0,0
2014,Luke Donald,315,0,0,0
2014,Marc Leishman,315,0,0,0
2014,Mark O'Meara,315,0,0,0
2014,Matt Every,315,0,0,0
2014,Matt Jones,315,0,0,0
2014,Matteo Manassero,315,0,0,0
2014,Matthew Fitzpatrick,315,0,0,0
2014,Michael McCoy,315,0,0,0
2014,Patrick Reed,315,0,0,0
2014,Peter Hanson,315,0,0,0
2014,Phil Mickelson,315,0,0,0
2014,Roberto Castro,315,0,0,0
2014,Ryan Moore,315,0,0,0
2014,Sangmoon Bae,315,0,0,0
2014,Scott Stallings,315,0,0,0
2014,Sergio Garcia,315,0,0,0
2014,Tim Clark,315,0,0,0
2014,Tom Watson,315,0,0,0
2014,Trevor Immelman,315,0,0,0
2014,Victor Dubuisson,315,0,0,0
2014,Webb Simpson,315,0,0,0
2014,Y.E. Yang,315,0,0,0
2014,Zach Johnson,315,0,0,0
2015,Jordan Spieth,270,1,1,1
2015,Justin Rose,274,1,1,0
2015,Phil Mickelson,274,1,1,0
2015,Rory McIlroy,276,1,1,0
2015,Hideki Matsuyama,277,1,1,0
2015,Dustin Johnson,279,1,1,0
2015,Ian Poulter,279,1,1,0
2015,Paul Casey,279,1,1,0
2015,Charley Hoffman,280,1,1,0
2015,Hunter Mahan,280,1,1,0
2015,Zach Johnson,280,1,1,0
2015,Bill Haas,282,1,0,0
2015,Kevin Na,282,1,0,0
2015,Kevin Streelman,282,1,0,0
2015,Rickie Fowler,282,1,0,0
2015,Ryan Moore,282,1,0,0
2015,Sergio Garcia,283,1,0,0
2015,Tiger Woods,283,1,0,0
2015,Henrik Stenson,284,1,0,0
2015,Louis Oosthuizen,284,1,0,0
2015,Russell Henley,285,1,0,0
2015,Ángel Cabrera,286,1,0,0
2015,Bernd Wiesberger,286,1,0,0
2015,Ernie Els,286,1,0,0
2015,Keegan Bradley,286,1,0,0
2015,Mark O'Meara,286,1,0,0
2015,Patrick Reed,286,1,0,0
2015,Jason Day,287,1,0,0
2015,Jonas Blixt,287,1,0,0
2015,Morgan Hoffmann,287,1,0,0
2015,Steve Stricker,287,1,0,0
2015,Webb Simpson,287,1,0,0
2015,Brooks Koepka,288,1,0,0
2015,Chris Kirk,288,1,0,0
2015,Jamie Donaldson,288,1,0,0
2015,Ryan Palmer,288,1,0,0
2015,Sangmoon Bae,288,1,0,0
2015,Adam Scott,289,1,0,0
2015,Bubba Watson,289,1,0,0
2015,Cameron Tringale,289,1,0,0
2015,Charl Schwartzel,289,1,0,0
2015,Danny Willett,289,1,0,0
2015,Jimmy Walker,289,1,0,0
2015,John Senden,289,1,0,0
2015,Seung-Yul Noh,289,1,0,0
2015,Lee Westwood,290,1,0,0
2015,Matt Kuchar,290,1,0,0
2015,Geoff Ogilvy,291,1,0,0
2015,Anirban Lahiri,292,1,0,0
2015,Jason Dufner,292,1,0,0
2015,Erik Compton,293,1,0,0
2015,Darren Clarke,294,1,0,0
2015,Graeme McDowell,294,1,0,0
2015,Vijay Singh,295,1,0,0
2015,Thongchai Jaidee,297,1,0,0
2015,Anthony Murdaca,315,0,0,0
2015,Ben Crane,315,0,0,0
2015,Ben Crenshaw,315,0,0,0
2015,Ben Martin,315,0,0,0
2015,Bernhard Langer,315,0,0,0
2015,Billy Horschel,315,0,0,0
2015,Bradley Neil,315,0,0,0
2015,Branden Grace,315,0,0,0
2015,Brandt Snedeker,315,0,0,0
2015,Brendon Todd,315,0,0,0
2015,Brian Harman,315,0,0,0
2015,Byron Meth,315,0,0,0
2015,Camilo Villegas,315,0,0,0
2015,Corey Conners,315,0,0,0
2015,Fred Couples,315,0,0,0
2015,Gary Woodland,315,0,0,0
2015,Gunn Yang,315,0,0,0
2015,Ian Woosnam,315,0,0,0
2015,J.B. Holmes,315,0,0,0
2015,James Hahn,315,0,0,0
2015,Jim Furyk,315,0,0,0
2015,Joost Luiten,315,0,0,0
2015,José María Olazábal,315,0,0,0
2015,Kevin Stadler,315,0,0,0
2015,Larry Mize,315,0,0,0
2015,Luke Donald,315,0,0,0
2015,Martin Kaymer,315,0,0,0
2015,Matias Dominguez,315,0,0,0
2015,Matt Every,315,0,0,0
2015,Miguel Angel Jiménez,315,0,0,0
2015,Mike Weir,315,0,0,0
2015,Mikko Ilonen,315,0,0,0
2015,Padraig Harrington,315,0,0,0
2015,Robert Streb,315,0,0,0
2015,Sandy Lyle,315,0,0,0
2015,Scott Harvey,315,0,0,0
2015,Shane Lowry,315,0,0,0
2015,Stephen Gallacher,315,0,0,0
2015,Thomas Bjørn,315,0,0,0
2015,Tom Watson,315,0,0,0
2015,Trevor Immelman,315,0,0,0
2015,Victor Dubuisson,315,0,0,0
2016,Danny Willett,283,1,1,1
2016,Jordan Spieth,286,1,1,0
2016,Lee Westwood,286,1,1,0
2016,Dustin Johnson,287,1,1,0
2016,J.B. Holmes,287,1,1,0
2016,Paul Casey,287,1,1,0
2016,Hideki Matsuyama,288,1,1,0
2016,Matthew Fitzpatrick,288,1,1,0
2016,Søren Kjeldsen,288,1,1,0
2016,Brandt Snedeker,289,1,1,0
2016,Daniel Berger,289,1,1,0
2016,Jason Day,289,1,1,0
2016,Justin Rose,289,1,1,0
2016,Rory McIlroy,289,1,1,0
2016,Kiradech Aphibarnrat,291,1,0,0
2016,Louis Oosthuizen,291,1,0,0
2016,Billy Horschel,292,1,0,0
2016,Danny Lee,292,1,0,0
2016,Emiliano Grillo,292,1,0,0
2016,Rafa Cabrera Bello,292,1,0,0
2016,Brooks Koepka,293,1,0,0
2016,Bryson DeChambeau,293,1,0,0
2016,Jamie Donaldson,293,1,0,0
2016,Ángel Cabrera,294,1,0,0
2016,Bernhard Langer,294,1,0,0
2016,Bill Haas,294,1,0,0
2016,Henrik Stenson,294,1,0,0
2016,Matt Kuchar,294,1,0,0
2016,Charley Hoffman,295,1,0,0
2016,Jimmy Walker,295,1,0,0
2016,Scott Piercy,295,1,0,0
2016,Smylie Kaufman,295,1,0,0
2016,Webb Simpson,295,1,0,0
2016,Bernd Wiesberger,296,1,0,0
2016,Kevin Streelman,296,1,0,0
2016,Sergio Garcia,296,1,0,0
2016,Bubba Watson,297,1,0,0
2016,Kevin Kisner,297,1,0,0
2016,Justin Thomas,298,1,0,0
2016,Romain Langasque,298,1,0,0
2016,Shane Lowry,298,1,0,0
2016,Adam Scott,299,1,0,0
2016,Anirban Lahiri,299,1,0,0
2016,Chris Wood,299,1,0,0
2016,Davis Love III,299,1,0,0
2016,Harris English,299,1,0,0
2016,Troy Merritt,299,1,0,0
2016,Victor Dubuisson,299,1,0,0
2016,Ian Poulter,300,1,0,0
2016,Martin Kaymer,300,1,0,0
2016,Patrick Reed,300,1,0,0
2016,Keegan Bradley,301,1,0,0
2016,Larry Mize,301,1,0,0
2016,Hunter Mahan,302,1,0,0
2016,Cameron Smith,303,1,0,0
2016,Kevin Na,303,1,0,0
2016,Thongchai Jaidee,307,1,0,0
2016,Andy Sullivan,315,0,0,0
2016,Branden Grace,315,0,0,0
2016,Byeong Hun An,315,0,0,0
2016,Charl Schwartzel,315,0,0,0
2016,Cheng Jin,315,0,0,0
2016,Chris Kirk,315,0,0,0
2016,Darren Clarke,315,0,0,0
2016,David Lingmerth,315,0,0,0
2016,Derek Bard,315,0,0,0
2016,Ernie Els,315,0,0,0
2016,Fabián Gómez,315,0,0,0
2016,Graeme McDowell,315,0,0,0
2016,Ian Woosnam,315,0,0,0
2016,Jason Dufner,315,0,0,0
2016,Jim Herman,315,0,0,0
2016,Marc Leishman,315,0,0,0
2016,Mark O'Meara,315,0,0,0
2016,Mike Weir,315,0,0,0
2016,Paul Chaplet,315,0,0,0
2016,Phil Mickelson,315,0,0,0
2016,Rickie Fowler,315,0,0,0
2016,Robert Streb,315,0,0,0
2016,Russell Knox,315,0,0,0
2016,Ryan Moore,315,0,0,0
2016,Sammy Schmitz,315,0,0,0
2016,Sandy Lyle,315,0,0,0
2016,Steven Bowditch,315,0,0,0
2016,Tom Watson,315,0,0,0
2016,Trevor Immelman,315,0,0,0
2016,Vaughn Taylor,315,0,0,0
2016,Vijay Singh,315,0,0,0
2016,Zach Johnson,315,0,0,0
2017,Sergio Garcia,279,1,1,1
2017,Justin Rose,279,1,1,0
2017,Charl Schwartzel,282,1,1,0
2017,Matt Kuchar,283,1,1,0
2017,Thomas Pieters,283,1,1,0
2017,Paul Casey,284,1,1,0
2017,Kevin Chappell,285,1,1,0
2017,Rory McIlroy,285,1,1,0
2017,Adam Scott,286,1,1,0
2017,Ryan Moore,286,1,1,0
2017,Brooks Koepka,287,1,0,0
2017,Hideki Matsuyama,287,1,0,0
2017,Jordan Spieth,287,1,0,0
2017,Rickie Fowler,287,1,0,0
2017,Russell Henley,287,1,0,0
2017,Martin Kaymer,288,1,0,0
2017,Steve Stricker,288,1,0,0
2017,Fred Couples,289,1,0,0
2017,Jimmy Walker,289,1,0,0
2017,Lee Westwood,289,1,0,0
2017,Pat Perez,289,1,0,0
2017,Charley Hoffman,290,1,0,0
2017,Jason Day,290,1,0,0
2017,Justin Thomas,290,1,0,0
2017,Phil Mickelson,290,1,0,0
2017,William McGirt,290,1,0,0
2017,Branden Grace,291,1,0,0
2017,Brandt Snedeker,291,1,0,0
2017,Brendan Steele,291,1,0,0
2017,Daniel Berger,291,1,0,0
2017,Jon Rahm,291,1,0,0
2017,Matthew Fitzpatrick,292,1,0,0
2017,Byeong Hun An,293,1,0,0
2017,Francesco Molinari,293,1,0,0
2017,Jason Dufner,293,1,0,0
2017,Adam Hadwin,294,1,0,0
2017,Bill Haas,294,1,0,0
2017,Brian Stuard,294,1,0,0
2017,Søren Kjeldsen,294,1,0,0
2017,Stewart Hagestad,294,1,0,0
2017,Louis Oosthuizen,295,1,0,0
2017,Ross Fisher,295,1,0,0
2017,Bernd Wiesberger,296,1,0,0
2017,Kevin Kisner,296,1,0,0
2017,Marc Leishman,296,1,0,0
2017,Curtis Luck,297,1,0,0
2017,Daniel Summerhays,297,1,0,0
2017,Andy Sullivan,298,1,0,0
2017,James Hahn,298,1,0,0
2017,J.B. Holmes,299,1,0,0
2017,Emiliano Grillo,300,1,0,0
2017,Larry Mize,305,1,0,0
2017,Ernie Els,308,1,0,0
2017,Alex Noren,315,0,0,0
2017,Ángel Cabrera,315,0,0,0
2017,Bernhard Langer,315,0,0,0
2017,Billy Hurley III,315,0,0,0
2017,Brad Dalke,315,0,0,0
2017,Bubba Watson,315,0,0,0
2017,Chris Wood,315,0,0,0
2017,Danny Willett,315,0,0,0
2017,Gary Woodland,315,0,0,0
2017,Henrik Stenson,315,0,0,0
2017,Hideto Tanihara,315,0,0,0
2017,Hudson Swafford,315,0,0,0
2017,Ian Woosnam,315,0,0,0
2017,Jeunghun Wang,315,0,0,0
2017,Jhonattan Vegas,315,0,0,0
2017,Jim Furyk,315,0,0,0
2017,José María Olazábal,315,0,0,0
2017,Kevin Na,315,0,0,0
2017,Mackenzie Hughes,315,0,0,0
2017,Mark O'Meara,315,0,0,0
2017,Mike Weir,315,0,0,0
2017,Patrick Reed,315,0,0,0
2017,Rafa Cabrera Bello,315,0,0,0
2017,Roberto Castro,315,0,0,0
2017,Rod Pampling,315,0,0,0
2017,Russell Knox,315,0,0,0
2017,Sandy Lyle,315,0,0,0
2017,Scott Gregory,315,0,0,0
2017,Scott Piercy,315,0,0,0
2017,Sean O'Hair,315,0,0,0
2017,Shane Lowry,315,0,0,0
2017,Si Woo Kim,315,0,0,0
2017,Tomas Gana,315,0,0,0
2017,Tommy Fleetwood,315,0,0,0
2017,Trevor Immelman,315,0,0,0
2017,Tyrrell Hatton,315,0,0,0
2017,Vijay Singh,315,0,0,0
2017,Webb Simpson,315,0,0,0
2017,Yuta Ikeda,315,0,0,0
2017,Zach Johnson,315,0,0,0
2018,Patrick Reed,273,1,1,1
2018,Rickie Fowler,274,1,1,0
2018,Jordan Spieth,275,1,1,0
2018,Jon Rahm,277,1,1,0
2018,Bubba Watson,279,1,1,0
2018,Cameron Smith,279,1,1,0
2018,Henrik Stenson,279,1,1,0
2018,Rory McIlroy,279,1,1,0
2018,Marc Leishman,280,1,1,0
2018,Dustin Johnson,281,1,1,0
2018,Tony Finau,281,1,1,0
2018,Charley Hoffman,282,1,0,0
2018,Justin Rose,282,1,0,0
2018,Louis Oosthuizen,282,1,0,0
2018,Paul Casey,283,1,0,0
2018,Russell Henley,283,1,0,0
2018,Justin Thomas,284,1,0,0
2018,Tommy Fleetwood,284,1,0,0
2018,Hideki Matsuyama,285,1,0,0
2018,Francesco Molinari,286,1,0,0
2018,Jason Day,286,1,0,0
2018,Jimmy Walker,286,1,0,0
2018,Webb Simpson,286,1,0,0
2018,Adam Hadwin,287,1,0,0
2018,Bernd Wiesberger,287,1,0,0
2018,Branden Grace,287,1,0,0
2018,Si Woo Kim,287,1,0,0
2018,Kevin Kisner,288,1,0,0
2018,Matt Kuchar,288,1,0,0
2018,Ryan Moore,288,1,0,0
2018,Satoshi Kodaira,288,1,0,0
2018,Adam Scott,289,1,0,0
2018,Daniel Berger,289,1,0,0
2018,Haotong Li,289,1,0,0
2018,Tiger Woods,289,1,0,0
2018,Phil Mickelson,290,1,0,0
2018,Zach Johnson,290,1,0,0
2018,Bernhard Langer,291,1,0,0
2018,Bryson DeChambeau,291,1,0,0
2018,Fred Couples,291,1,0,0
2018,Jhonattan Vegas,291,1,0,0
2018,Matthew Fitzpatrick,291,1,0,0
2018,Rafa Cabrera Bello,291,1,0,0
2018,Brian Harman,292,1,0,0
2018,Ian Poulter,292,1,0,0
2018,Kiradech Aphibarnrat,292,1,0,0
2018,Tyrrell Hatton,292,1,0,0
2018,Martin Kaymer,294,1,0,0
2018,Vijay Singh,295,1,0,0
2018,Doug Ghim,296,1,0,0
2018,Xander Schauffele,296,1,0,0
2018,Kyle Stanley,297,1,0,0
2018,Chez Reavie,298,1,0,0
2018,Alex Noren,315,0,0,0
2018,Ángel Cabrera,315,0,0,0
2018,Austin Cook,315,0,0,0
2018,Billy Horschel,315,0,0,0
2018,Brendan Steele,315,0,0,0
2018,Charl Schwartzel,315,0,0,0
2018,Danny Willett,315,0,0,0
2018,Doc Redman,315,0,0,0
2018,Dylan Frittelli,315,0,0,0
2018,Gary Woodland,315,0,0,0
2018,Harry Ellis,315,0,0,0
2018,Ian Woosnam,315,0,0,0
2018,Jason Dufner,315,0,0,0
2018,Joaquin Niemann,315,0,0,0
2018,José María Olazábal,315,0,0,0
2018,Kevin Chappell,315,0,0,0
2018,Larry Mize,315,0,0,0
2018,Mark O'Meara,315,0,0,0
2018,Matt Parziale,315,0,0,0
2018,Mike Weir,315,0,0,0
2018,Pat Perez,315,0,0,0
2018,Patrick Cantlay,315,0,0,0
2018,Patton Kizzire,315,0,0,0
2018,Ross Fisher,315,0,0,0
2018,Sandy Lyle,315,0,0,0
2018,Sergio Garcia,315,0,0,0
2018,Shubhankar Sharma,315,0,0,0
2018,"Ted Potter, Jr.",315,0,0,0
2018,Thomas Pieters,315,0,0,0
2018,Trevor Immelman,315,0,0,0
2018,Wesley Bryan,315,0,0,0
2018,Yusaku Miyazato,315,0,0,0
2018,Yuta Ikeda,315,0,0,0
2018,Yuxin Lin,315,0,0,0
2019,Tiger Woods,275,1,1,1
2019,Brooks Koepka,276,1,1,0
2019,Dustin Johnson,276,1,1,0
2019,Xander Schauffele,276,1,1,0
2019,Francesco Molinari,277,1,1,0
2019,Jason Day,277,1,1,0
2019,Tony Finau,277,1,1,0
2019,Webb Simpson,277,1,1,0
2019,Jon Rahm,278,1,1,0
2019,Patrick Cantlay,278,1,1,0
2019,Rickie Fowler,278,1,1,0
2019,Bubba Watson,280,1,0,0
2019,Ian Poulter,280,1,0,0
2019,Justin Harding,280,1,0,0
2019,Justin Thomas,280,1,0,0
2019,Matt Kuchar,280,1,0,0
2019,Aaron Wise,281,1,0,0
2019,Adam Scott,282,1,0,0
2019,Patton Kizzire,282,1,0,0
2019,Phil Mickelson,282,1,0,0
2019,Jordan Spieth,283,1,0,0
2019,Kevin Kisner,283,1,0,0
2019,Kyle Stanley,283,1,0,0
2019,Lucas Bjerregaard,283,1,0,0
2019,Matthew Fitzpatrick,283,1,0,0
2019,Rory McIlroy,283,1,0,0
2019,Si Woo Kim,283,1,0,0
2019,Thorbjørn Olesen,283,1,0,0
2019,Bryson DeChambeau,284,1,0,0
2019,Charley Hoffman,284,1,0,0
2019,Louis Oosthuizen,284,1,0,0
2019,Charles Howell III,285,1,0,0
2019,Gary Woodland,285,1,0,0
2019,Hideki Matsuyama,285,1,0,0
2019,Viktor Hovland,285,1,0,0
2019,Alvaro Ortiz,286,1,0,0
2019,Henrik Stenson,286,1,0,0
2019,Jimmy Walker,286,1,0,0
2019,Kevin Tway,286,1,0,0
2019,Patrick Reed,286,1,0,0
2019,Rafa Cabrera Bello,286,1,0,0
2019,Tommy Fleetwood,286,1,0,0
2019,Haotong Li,287,1,0,0
2019,Keegan Bradley,287,1,0,0
2019,Keith Mitchell,287,1,0,0
2019,Andrew Landry,288,1,0,0
2019,Corey Conners,288,1,0,0
2019,Kevin Na,288,1,0,0
2019,Kiradech Aphibarnrat,289,1,0,0
2019,Marc Leishman,289,1,0,0
2019,Cameron Smith,290,1,0,0
2019,Eddie Pepperell,290,1,0,0
2019,Martin Kaymer,290,1,0,0
2019,Trevor Immelman,290,1,0,0
2019,Devon Bling,291,1,0,0
2019,Billy Horschel,292,1,0,0
2019,Tyrrell Hatton,292,1,0,0
2019,Branden Grace,293,1,0,0
2019,Takumi Kanaya,293,1,0,0
2019,Zach Johnson,293,1,0,0
2019,Satoshi Kodaira,294,1,0,0
2019,Alex Noren,296,1,0,0
2019,Bernhard Langer,296,1,0,0
2019,Emiliano Grillo,296,1,0,0
2019,J.B. Holmes,296,1,0,0
2019,Adam Long,315,0,0,0
2019,Ángel Cabrera,315,0,0,0
2019,Brandt Snedeker,315,0,0,0
2019,Charl Schwartzel,315,0,0,0
2019,Danny Willett,315,0,0,0
2019,Fred Couples,315,0,0,0
2019,Ian Woosnam,315,0,0,0
2019,José María Olazábal,315,0,0,0
2019,Jovan Rebula,315,0,0,0
2019,Justin Rose,315,0,0,0
2019,Kevin O'Connell,315,0,0,0
2019,Larry Mize,315,0,0,0
2019,Matt Wallace,315,0,0,0
2019,Michael Kim,315,0,0,0
2019,Mike Weir,315,0,0,0
2019,Paul Casey,315,0,0,0
2019,Sandy Lyle,315,0,0,0
2019,Sergio Garcia,315,0,0,0
2019,Shane Lowry,315,0,0,0
2019,Shugo Imahira,315,0,0,0
2019,Stewart Cink,315,0,0,0
2019,Vijay Singh,315,0,0,0
2020,Abraham Ancer,315,0,0,0
2020,Adam Scott,315,0,0,0
2020,Andy Ogletree,315,0,0,0
2020,Ángel Cabrera,315,0,0,0
2020,Bernhard Langer,315,0,0,0
2020,Brandt Snedeker,315,0,0,0
2020,Brooks Koepka,315,0,0,0
2020,Bryson DeChambeau,315,0,0,0
2020,Bubba Watson,315,0,0,0
2020,C.T. Pan ,315,0,0,0
2020,Charl Schwartzel,315,0,0,0
2020,Charles Howell III,315,0,0,0
2020,Chez Reavie,315,0,0,0
2020,Corey Conners,315,0,0,0
2020,Danny Willett,315,0,0,0
2020,Dustin Johnson,315,0,0,0
2020,Dylan Frittelli,315,0,0,0
2020,Francesco Molinari,315,0,0,0
2020,Fred Couples,315,0,0,0
2020,Gary Woodland,315,0,0,0
2020,Henrik Stenson,315,0,0,0
2020,Hideki Matsuyama,315,0,0,0
2020,Ian Poulter,315,0,0,0
2020,J.T. Poston,315,0,0,0
2020,James Sugrue,315,0,0,0
2020,Jason Day ,315,0,0,0
2020,Jason Kokrak,315,0,0,0
2020,Jimmy Walker,315,0,0,0
2020,John Augenstein,315,0,0,0
2020,Jon Rahm,315,0,0,0
2020,Jordan Spieth,315,0,0,0
2020,José María Olazábal,315,0,0,0
2020,Justin Harding,315,0,0,0
2020,Justin Rose,315,0,0,0
2020,Justin Thomas,315,0,0,0
2020,Kevin Kisner,315,0,0,0
2020,Kevin Na,315,0,0,0
2020,Larry Mize,315,0,0,0
2020,Lee Westwood,315,0,0,0
2020,Louis Oosthuizen,315,0,0,0
2020,Lucas Glover,315,0,0,0
2020,Marc Leishman,315,0,0,0
2020,Matt Kuchar,315,0,0,0
2020,Matt Wallace,315,0,0,0
2020,Matthew Wolff,315,0,0,0
2020,Max Homa,315,0,0,0
2020,Mike Weir,315,0,0,0
2020,Nate Lashley,315,0,0,0
2020,Patrick Cantlay,315,0,0,0
2020,Patrick Reed,315,0,0,0
2020,Paul Casey,315,0,0,0
2020,Phil Mickelson,315,0,0,0
2020,Rickie Fowler,315,0,0,0
2020,Rory McIlroy,315,0,0,0
2020,Ryan Palmer,315,0,0,0
2020,Sandy Lyle,315,0,0,0
2020,Sergio Garcia,315,0,0,0
2020,Shane Lowry,315,0,0,0
2020,Sung Kang,315,0,0,0
2020,Sungjae Im,315,0,0,0
2020,Tiger Woods,315,0,0,0
2020,Tommy Fleetwood,315,0,0,0
2020,Tony Finau,315,0,0,0
2020,Trevor Immelman,315,0,0,0
2020,Vijay Singh,315,0,0,0
2020,Webb Simpson,315,0,0,0
2020,Xander Schauffele,315,0,0,0
2020,Zach Johnson,315,0,0,0